{
	"id": "2cb50efe-fd5b-4087-87dc-bc0973b0f68f",
	"name": "predic8",
	"values": [
		{
			"key": "hostname",
			"value": "api.predic8.de",
			"enabled": true
		},
		{
			"key": "portnumber",
			"value": "443",
			"enabled": true
		},
		{
			"key": "categoryid",
			"value": "Fruits",
			"enabled": true
		},
		{
			"key": "invalidid",
			"value": "chocolates",
			"enabled": true
		},
		{
			"key": "state",
			"value": "created",
			"enabled": true
		},
		{
			"key": "cust_url",
			"value": "shop/customers",
			"enabled": true
		},
		{
			"key": "customerid",
			"value": "397",
			"enabled": true
		},
		{
			"key": "orderid",
			"value": "7973",
			"enabled": true
		}
	],
	"_postman_variable_scope": "environment",
	"_postman_exported_at": "2019-12-18T13:32:30.610Z",
	"_postman_exported_using": "Postman/7.13.0"
}