{
	"info": {
		"_postman_id": "ebdb529c-ed0f-4a67-955f-891f5c50a0e3",
		"name": "Spotcap",
		"schema": "https://schema.getpostman.com/json/collection/v2.1.0/collection.json"
	},
	"item": [
		{
			"name": "product categories",
			"event": [
				{
					"listen": "test",
					"script": {
						"id": "44f21029-4f12-454d-a1e4-0a40ed16ac94",
						"exec": [
							"tests[\"Response time is less than 2s\"] = responseTime < 2000;",
							"tests[\"Status code is 200\"] = responseCode.code === 200;"
						],
						"type": "text/javascript"
					}
				}
			],
			"request": {
				"method": "GET",
				"header": [],
				"url": {
					"raw": "https://{{hostname}}:{{portnumber}}/shop/orders/",
					"protocol": "https",
					"host": [
						"{{hostname}}"
					],
					"port": "{{portnumber}}",
					"path": [
						"shop",
						"orders",
						""
					]
				}
			},
			"response": []
		},
		{
			"name": "valid categoryid",
			"event": [
				{
					"listen": "test",
					"script": {
						"id": "c67380c3-c843-4972-aa2a-d1a3c8322783",
						"exec": [
							"tests[\"Status code is 200\"] = responseCode.code === 200;",
							"tests[\"Response time is less than 2s\"] = responseTime < 2000;"
						],
						"type": "text/javascript"
					}
				}
			],
			"request": {
				"method": "GET",
				"header": [],
				"url": {
					"raw": "https://{{hostname}}:{{portnumber}}/shop/categories/{{categoryid}}",
					"protocol": "https",
					"host": [
						"{{hostname}}"
					],
					"port": "{{portnumber}}",
					"path": [
						"shop",
						"categories",
						"{{categoryid}}"
					]
				}
			},
			"response": []
		},
		{
			"name": "Invalid categoryid",
			"event": [
				{
					"listen": "test",
					"script": {
						"type": "text/javascript",
						"exec": [
							"tests[\"Status code is 401\"] = responseCode.code === 401;",
							"",
							"tests[\"Response time is less than 2s\"] = responseTime < 2000;"
						]
					}
				}
			],
			"request": {
				"method": "GET",
				"header": [],
				"url": {
					"raw": "https://{{hostname}}:{{portnumber}}/shop/categories/{{invalidid}}",
					"protocol": "https",
					"host": [
						"{{hostname}}"
					],
					"port": "{{portnumber}}",
					"path": [
						"shop",
						"categories",
						"{{invalidid}}"
					]
				}
			},
			"response": []
		},
		{
			"name": "Orders state created",
			"event": [
				{
					"listen": "test",
					"script": {
						"id": "6fabba1b-c842-43e6-a9b3-df385e2801bd",
						"exec": [
							"tests[\"Status code is 200\"] = responseCode.code === 200;",
							"",
							"tests[\"Response time is less than 2s\"] = responseTime < 2000;",
							"",
							"var jsonData = JSON.parse(responseBody);",
							"var schema = {",
							"  \"definitions\": {},",
							"  \"$schema\": \"http://json-schema.org/draft-06/schema#\",",
							"  \"$id\": \"https://api.predic8.de:443/shop/orders/\",",
							"  \"type\": \"object\",",
							"  \"title\": \"The Root Schema\",",
							"  \"required\": [",
							"    \"meta\",",
							"    \"orders\"",
							"  ],",
							"  \"properties\": {",
							"    \"meta\": {",
							"      \"$id\": \"#/properties/meta\",",
							"      \"type\": \"object\",",
							"      \"title\": \"The Meta Schema\",",
							"      \"required\": [",
							"        \"count\",",
							"        \"limit\",",
							"        \"page\"",
							"      ],",
							"      \"properties\": {",
							"        \"count\": {",
							"          \"$id\": \"#/properties/meta/properties/count\",",
							"          \"type\": \"integer\",",
							"          \"title\": \"The Count Schema\",",
							"          \"default\": 0,",
							"          \"examples\": [",
							"            10",
							"          ]",
							"        },",
							"        \"limit\": {",
							"          \"$id\": \"#/properties/meta/properties/limit\",",
							"          \"type\": \"integer\",",
							"          \"title\": \"The Limit Schema\",",
							"          \"default\": 0,",
							"          \"examples\": [",
							"            10",
							"          ]",
							"        },",
							"        \"page\": {",
							"          \"$id\": \"#/properties/meta/properties/page\",",
							"          \"type\": \"integer\",",
							"          \"title\": \"The Page Schema\",",
							"          \"default\": 0,",
							"          \"examples\": [",
							"            1",
							"          ]",
							"        }",
							"      }",
							"    },",
							"    \"orders\": {",
							"      \"$id\": \"#/properties/orders\",",
							"      \"type\": \"array\",",
							"      \"title\": \"The Orders Schema\",",
							"      \"items\": {",
							"        \"$id\": \"#/properties/orders/items\",",
							"        \"type\": \"object\",",
							"        \"title\": \"The Items Schema\",",
							"        \"required\": [",
							"          \"createdAt\",",
							"          \"state\",",
							"          \"order_url\"",
							"        ],",
							"        \"properties\": {",
							"          \"createdAt\": {",
							"            \"$id\": \"#/properties/orders/items/properties/createdAt\",",
							"            \"type\": \"string\",",
							"            \"title\": \"The Createdat Schema\",",
							"            \"default\": \"\",",
							"            \"examples\": [",
							"              \"2019-12-17T07:14:24.033Z\"",
							"            ],",
							"            \"pattern\": \"^(.*)$\"",
							"          },",
							"          \"state\": {",
							"            \"$id\": \"#/properties/orders/items/properties/state\",",
							"            \"type\": \"string\",",
							"            \"title\": \"The State Schema\",",
							"            \"default\": \"\",",
							"            \"examples\": [",
							"              \"created\"",
							"            ],",
							"            \"pattern\": \"^(.*)$\"",
							"          },",
							"          \"order_url\": {",
							"            \"$id\": \"#/properties/orders/items/properties/order_url\",",
							"            \"type\": \"string\",",
							"            \"title\": \"The Order_url Schema\",",
							"            \"default\": \"\",",
							"            \"examples\": [",
							"              \"/shop/orders/1432\"",
							"            ],",
							"            \"pattern\": \"^(.*)$\"",
							"          }",
							"        }",
							"      }",
							"    }",
							"  }",
							"};",
							"",
							"tests[\"Valid schema\"] = tv4.validate(jsonData, schema);",
							"console.log(\"Validation failed: \", tv4.error);"
						],
						"type": "text/javascript"
					}
				}
			],
			"request": {
				"method": "GET",
				"header": [],
				"url": {
					"raw": "https://{{hostname}}:{{portnumber}}/shop/orders/?state=created",
					"protocol": "https",
					"host": [
						"{{hostname}}"
					],
					"port": "{{portnumber}}",
					"path": [
						"shop",
						"orders",
						""
					],
					"query": [
						{
							"key": "state",
							"value": "created"
						}
					]
				}
			},
			"response": []
		},
		{
			"name": "Orders state ordered",
			"event": [
				{
					"listen": "test",
					"script": {
						"id": "07d33eab-2d95-4d6a-8372-29422d0fe573",
						"exec": [
							"tests[\"Status code is 200\"] = responseCode.code === 200;",
							"tests[\"Response time is less than 2s\"] = responseTime < 2000;",
							"var jsonData = JSON.parse(responseBody);",
							"var schema = {",
							"  \"definitions\": {},",
							"  \"$schema\": \"http://json-schema.org/draft-06/schema#\",",
							"  \"$id\": \"https://api.predic8.de:443/shop/orders/\",",
							"  \"type\": \"object\",",
							"  \"title\": \"The Root Schema\",",
							"  \"required\": [",
							"    \"meta\",",
							"    \"orders\"",
							"  ],",
							"  \"properties\": {",
							"    \"meta\": {",
							"      \"$id\": \"#/properties/meta\",",
							"      \"type\": \"object\",",
							"      \"title\": \"The Meta Schema\",",
							"      \"required\": [",
							"        \"count\",",
							"        \"limit\",",
							"        \"page\"",
							"      ],",
							"      \"properties\": {",
							"        \"count\": {",
							"          \"$id\": \"#/properties/meta/properties/count\",",
							"          \"type\": \"integer\",",
							"          \"title\": \"The Count Schema\",",
							"          \"default\": 0,",
							"          \"examples\": [",
							"            10",
							"          ]",
							"        },",
							"        \"limit\": {",
							"          \"$id\": \"#/properties/meta/properties/limit\",",
							"          \"type\": \"integer\",",
							"          \"title\": \"The Limit Schema\",",
							"          \"default\": 0,",
							"          \"examples\": [",
							"            10",
							"          ]",
							"        },",
							"        \"page\": {",
							"          \"$id\": \"#/properties/meta/properties/page\",",
							"          \"type\": \"integer\",",
							"          \"title\": \"The Page Schema\",",
							"          \"default\": 0,",
							"          \"examples\": [",
							"            1",
							"          ]",
							"        }",
							"      }",
							"    },",
							"    \"orders\": {",
							"      \"$id\": \"#/properties/orders\",",
							"      \"type\": \"array\",",
							"      \"title\": \"The Orders Schema\",",
							"      \"items\": {",
							"        \"$id\": \"#/properties/orders/items\",",
							"        \"type\": \"object\",",
							"        \"title\": \"The Items Schema\",",
							"        \"required\": [",
							"          \"createdAt\",",
							"          \"state\",",
							"          \"order_url\"",
							"        ],",
							"        \"properties\": {",
							"          \"createdAt\": {",
							"            \"$id\": \"#/properties/orders/items/properties/createdAt\",",
							"            \"type\": \"string\",",
							"            \"title\": \"The Createdat Schema\",",
							"            \"default\": \"\",",
							"            \"examples\": [",
							"              \"2019-12-17T07:14:24.033Z\"",
							"            ],",
							"            \"pattern\": \"^(.*)$\"",
							"          },",
							"          \"state\": {",
							"            \"$id\": \"#/properties/orders/items/properties/state\",",
							"            \"type\": \"string\",",
							"            \"title\": \"The State Schema\",",
							"            \"default\": \"\",",
							"            \"examples\": [",
							"              \"created\"",
							"            ],",
							"            \"pattern\": \"^(.*)$\"",
							"          },",
							"          \"order_url\": {",
							"            \"$id\": \"#/properties/orders/items/properties/order_url\",",
							"            \"type\": \"string\",",
							"            \"title\": \"The Order_url Schema\",",
							"            \"default\": \"\",",
							"            \"examples\": [",
							"              \"/shop/orders/1432\"",
							"            ],",
							"            \"pattern\": \"^(.*)$\"",
							"          }",
							"        }",
							"      }",
							"    }",
							"  }",
							"};",
							"tests[\"Valid schema\"] = tv4.validate(jsonData, schema);",
							"console.log(\"Validation failed: \", tv4.error);"
						],
						"type": "text/javascript"
					}
				}
			],
			"request": {
				"method": "GET",
				"header": [],
				"url": {
					"raw": "https://{{hostname}}:{{portnumber}}/shop/orders/?state=ordered",
					"protocol": "https",
					"host": [
						"{{hostname}}"
					],
					"port": "{{portnumber}}",
					"path": [
						"shop",
						"orders",
						""
					],
					"query": [
						{
							"key": "state",
							"value": "ordered"
						}
					]
				}
			},
			"response": []
		},
		{
			"name": "Orders state delivered",
			"event": [
				{
					"listen": "test",
					"script": {
						"id": "01cb5b77-1198-418f-9513-8bc771cd5f6e",
						"exec": [
							"tests[\"Status code is 200\"] = responseCode.code === 200;",
							"tests[\"Response time is less than 2s\"] = responseTime < 2000;",
							"var jsonData = JSON.parse(responseBody);",
							"var schema = {",
							"  \"definitions\": {},",
							"  \"$schema\": \"http://json-schema.org/draft-06/schema#\",",
							"  \"$id\": \"https://api.predic8.de:443/shop/orders/\",",
							"  \"type\": \"object\",",
							"  \"title\": \"The Root Schema\",",
							"  \"required\": [",
							"    \"meta\",",
							"    \"orders\"",
							"  ],",
							"  \"properties\": {",
							"    \"meta\": {",
							"      \"$id\": \"#/properties/meta\",",
							"      \"type\": \"object\",",
							"      \"title\": \"The Meta Schema\",",
							"      \"required\": [",
							"        \"count\",",
							"        \"limit\",",
							"        \"page\"",
							"      ],",
							"      \"properties\": {",
							"        \"count\": {",
							"          \"$id\": \"#/properties/meta/properties/count\",",
							"          \"type\": \"integer\",",
							"          \"title\": \"The Count Schema\",",
							"          \"default\": 0,",
							"          \"examples\": [",
							"            10",
							"          ]",
							"        },",
							"        \"limit\": {",
							"          \"$id\": \"#/properties/meta/properties/limit\",",
							"          \"type\": \"integer\",",
							"          \"title\": \"The Limit Schema\",",
							"          \"default\": 0,",
							"          \"examples\": [",
							"            10",
							"          ]",
							"        },",
							"        \"page\": {",
							"          \"$id\": \"#/properties/meta/properties/page\",",
							"          \"type\": \"integer\",",
							"          \"title\": \"The Page Schema\",",
							"          \"default\": 0,",
							"          \"examples\": [",
							"            1",
							"          ]",
							"        }",
							"      }",
							"    },",
							"    \"orders\": {",
							"      \"$id\": \"#/properties/orders\",",
							"      \"type\": \"array\",",
							"      \"title\": \"The Orders Schema\",",
							"      \"items\": {",
							"        \"$id\": \"#/properties/orders/items\",",
							"        \"type\": \"object\",",
							"        \"title\": \"The Items Schema\",",
							"        \"required\": [",
							"          \"createdAt\",",
							"          \"state\",",
							"          \"order_url\"",
							"        ],",
							"        \"properties\": {",
							"          \"createdAt\": {",
							"            \"$id\": \"#/properties/orders/items/properties/createdAt\",",
							"            \"type\": \"string\",",
							"            \"title\": \"The Createdat Schema\",",
							"            \"default\": \"\",",
							"            \"examples\": [",
							"              \"2019-12-17T07:14:24.033Z\"",
							"            ],",
							"            \"pattern\": \"^(.*)$\"",
							"          },",
							"          \"state\": {",
							"            \"$id\": \"#/properties/orders/items/properties/state\",",
							"            \"type\": \"string\",",
							"            \"title\": \"The State Schema\",",
							"            \"default\": \"\",",
							"            \"examples\": [",
							"              \"created\"",
							"            ],",
							"            \"pattern\": \"^(.*)$\"",
							"          },",
							"          \"order_url\": {",
							"            \"$id\": \"#/properties/orders/items/properties/order_url\",",
							"            \"type\": \"string\",",
							"            \"title\": \"The Order_url Schema\",",
							"            \"default\": \"\",",
							"            \"examples\": [",
							"              \"/shop/orders/1432\"",
							"            ],",
							"            \"pattern\": \"^(.*)$\"",
							"          }",
							"        }",
							"      }",
							"    }",
							"  }",
							"};",
							"tests[\"Valid schema\"] = tv4.validate(jsonData, schema);",
							"console.log(\"Validation failed: \", tv4.error);"
						],
						"type": "text/javascript"
					}
				}
			],
			"request": {
				"method": "GET",
				"header": [],
				"url": {
					"raw": "https://{{hostname}}:{{portnumber}}/shop/orders/?state=delivered",
					"protocol": "https",
					"host": [
						"{{hostname}}"
					],
					"port": "{{portnumber}}",
					"path": [
						"shop",
						"orders",
						""
					],
					"query": [
						{
							"key": "state",
							"value": "delivered"
						}
					]
				}
			},
			"response": []
		},
		{
			"name": "Orders state canceled",
			"event": [
				{
					"listen": "test",
					"script": {
						"id": "5f2307f3-bd35-444a-ad17-716f39314ce1",
						"exec": [
							"tests[\"Status code is 200\"] = responseCode.code === 200;",
							"tests[\"Response time is less than 2s\"] = responseTime < 2000;",
							"var jsonData = JSON.parse(responseBody);",
							"var schema = {",
							"  \"definitions\": {},",
							"  \"$schema\": \"http://json-schema.org/draft-06/schema#\",",
							"  \"$id\": \"https://api.predic8.de:443/shop/orders/\",",
							"  \"type\": \"object\",",
							"  \"title\": \"The Root Schema\",",
							"  \"required\": [",
							"    \"meta\",",
							"    \"orders\"",
							"  ],",
							"  \"properties\": {",
							"    \"meta\": {",
							"      \"$id\": \"#/properties/meta\",",
							"      \"type\": \"object\",",
							"      \"title\": \"The Meta Schema\",",
							"      \"required\": [",
							"        \"count\",",
							"        \"limit\",",
							"        \"page\"",
							"      ],",
							"      \"properties\": {",
							"        \"count\": {",
							"          \"$id\": \"#/properties/meta/properties/count\",",
							"          \"type\": \"integer\",",
							"          \"title\": \"The Count Schema\",",
							"          \"default\": 0,",
							"          \"examples\": [",
							"            10",
							"          ]",
							"        },",
							"        \"limit\": {",
							"          \"$id\": \"#/properties/meta/properties/limit\",",
							"          \"type\": \"integer\",",
							"          \"title\": \"The Limit Schema\",",
							"          \"default\": 0,",
							"          \"examples\": [",
							"            10",
							"          ]",
							"        },",
							"        \"page\": {",
							"          \"$id\": \"#/properties/meta/properties/page\",",
							"          \"type\": \"integer\",",
							"          \"title\": \"The Page Schema\",",
							"          \"default\": 0,",
							"          \"examples\": [",
							"            1",
							"          ]",
							"        }",
							"      }",
							"    },",
							"    \"orders\": {",
							"      \"$id\": \"#/properties/orders\",",
							"      \"type\": \"array\",",
							"      \"title\": \"The Orders Schema\",",
							"      \"items\": {",
							"        \"$id\": \"#/properties/orders/items\",",
							"        \"type\": \"object\",",
							"        \"title\": \"The Items Schema\",",
							"        \"required\": [",
							"          \"createdAt\",",
							"          \"state\",",
							"          \"order_url\"",
							"        ],",
							"        \"properties\": {",
							"          \"createdAt\": {",
							"            \"$id\": \"#/properties/orders/items/properties/createdAt\",",
							"            \"type\": \"string\",",
							"            \"title\": \"The Createdat Schema\",",
							"            \"default\": \"\",",
							"            \"examples\": [",
							"              \"2019-12-17T07:14:24.033Z\"",
							"            ],",
							"            \"pattern\": \"^(.*)$\"",
							"          },",
							"          \"state\": {",
							"            \"$id\": \"#/properties/orders/items/properties/state\",",
							"            \"type\": \"string\",",
							"            \"title\": \"The State Schema\",",
							"            \"default\": \"\",",
							"            \"examples\": [",
							"              \"created\"",
							"            ],",
							"            \"pattern\": \"^(.*)$\"",
							"          },",
							"          \"order_url\": {",
							"            \"$id\": \"#/properties/orders/items/properties/order_url\",",
							"            \"type\": \"string\",",
							"            \"title\": \"The Order_url Schema\",",
							"            \"default\": \"\",",
							"            \"examples\": [",
							"              \"/shop/orders/1432\"",
							"            ],",
							"            \"pattern\": \"^(.*)$\"",
							"          }",
							"        }",
							"      }",
							"    }",
							"  }",
							"};",
							"tests[\"Valid schema\"] = tv4.validate(jsonData, schema);",
							"console.log(\"Validation failed: \", tv4.error);"
						],
						"type": "text/javascript"
					}
				}
			],
			"request": {
				"method": "GET",
				"header": [],
				"url": {
					"raw": "https://{{hostname}}:{{portnumber}}/shop/orders/?state=canceled",
					"protocol": "https",
					"host": [
						"{{hostname}}"
					],
					"port": "{{portnumber}}",
					"path": [
						"shop",
						"orders",
						""
					],
					"query": [
						{
							"key": "state",
							"value": "canceled"
						}
					]
				}
			},
			"response": []
		},
		{
			"name": "Create Customer",
			"event": [
				{
					"listen": "test",
					"script": {
						"id": "dba58339-84b4-401e-b2fe-1958dd24fc47",
						"exec": [
							"tests[\"Status code is 201\"] = responseCode.code === 201;",
							"tests[\"Response time is less than 2s\"] = responseTime < 2000;",
							"var bodyData = JSON.parse(responseBody)",
							"var str = bodyData.customer_url;",
							"var arr = new Array();",
							"arr = str.split(\"/\");",
							"postman.setEnvironmentVariable(\"customerid\", arr[3]);"
						],
						"type": "text/javascript"
					}
				}
			],
			"request": {
				"method": "POST",
				"header": [],
				"body": {
					"mode": "formdata",
					"formdata": [
						{
							"key": "firstname",
							"value": "Freddy",
							"type": "text"
						},
						{
							"key": "lastname",
							"value": "Meyers",
							"type": "text"
						}
					]
				},
				"url": {
					"raw": "https://{{hostname}}:{{portnumber}}/{{cust_url}}/",
					"protocol": "https",
					"host": [
						"{{hostname}}"
					],
					"port": "{{portnumber}}",
					"path": [
						"{{cust_url}}",
						""
					]
				}
			},
			"response": []
		},
		{
			"name": "Get Customer by Id",
			"event": [
				{
					"listen": "test",
					"script": {
						"id": "17e14181-0510-4609-8e75-acf7c5806c14",
						"exec": [
							"tests[\"Status code is 200\"] = responseCode.code === 200;",
							"tests[\"Response time is less than 2s\"] = responseTime < 2000;"
						],
						"type": "text/javascript"
					}
				}
			],
			"request": {
				"method": "GET",
				"header": [],
				"url": {
					"raw": "https://{{hostname}}:{{portnumber}}/{{cust_url}}/{{customerid}}",
					"protocol": "https",
					"host": [
						"{{hostname}}"
					],
					"port": "{{portnumber}}",
					"path": [
						"{{cust_url}}",
						"{{customerid}}"
					]
				}
			},
			"response": []
		},
		{
			"name": "Update Customer",
			"event": [
				{
					"listen": "test",
					"script": {
						"id": "47b0ea7f-916f-4942-9423-5795e483ee6c",
						"exec": [
							"tests[\"Status code is 200\"] = responseCode.code === 200;",
							"tests[\"Response time is less than 2s\"] = responseTime < 2000;",
							"pm.test(\"Your test name\", function () {",
							"    var jsonData = pm.response.json();",
							"    pm.expect(jsonData.firstname).to.eql(\"Gayatri\");",
							"    pm.expect(jsonData.lastname).to.eql(\"Devargaonkar\");",
							"});"
						],
						"type": "text/javascript"
					}
				}
			],
			"request": {
				"method": "PATCH",
				"header": [],
				"body": {
					"mode": "formdata",
					"formdata": [
						{
							"key": "firstname",
							"value": "Gayatri",
							"type": "text"
						},
						{
							"key": "lastname",
							"value": "Devargaonkar",
							"type": "text"
						}
					]
				},
				"url": {
					"raw": "https://{{hostname}}:{{portnumber}}/{{cust_url}}/{{customerid}}",
					"protocol": "https",
					"host": [
						"{{hostname}}"
					],
					"port": "{{portnumber}}",
					"path": [
						"{{cust_url}}",
						"{{customerid}}"
					]
				}
			},
			"response": []
		},
		{
			"name": "Create an Order for the created customer",
			"event": [
				{
					"listen": "test",
					"script": {
						"id": "4066bd23-555a-4390-aca0-2b8163d70979",
						"exec": [
							"tests[\"Status code is 201\"] = responseCode.code === 201;",
							"tests[\"Response time is less than 2s\"] = responseTime < 2000;",
							"var bodyData = JSON.parse(responseBody)",
							"var str = bodyData.actions.purchase.url;",
							"var arr = new Array();",
							"arr = str.split(\"/\");",
							"postman.setEnvironmentVariable(\"orderid\", arr[3]);"
						],
						"type": "text/javascript"
					}
				}
			],
			"protocolProfileBehavior": {
				"followRedirects": false
			},
			"request": {
				"method": "POST",
				"header": [],
				"body": {
					"mode": "formdata",
					"formdata": [
						{
							"key": "firstname",
							"value": "Gayatri",
							"type": "text"
						},
						{
							"key": "lastname",
							"value": "Devargaonkar",
							"type": "text"
						}
					]
				},
				"url": {
					"raw": "https://{{hostname}}:{{portnumber}}/{{cust_url}}/{{customerid}}/orders/",
					"protocol": "https",
					"host": [
						"{{hostname}}"
					],
					"port": "{{portnumber}}",
					"path": [
						"{{cust_url}}",
						"{{customerid}}",
						"orders",
						""
					]
				}
			},
			"response": []
		},
		{
			"name": "Delete an order",
			"event": [
				{
					"listen": "test",
					"script": {
						"id": "18f51dde-549e-4c4e-b46f-9d04e30e6da7",
						"exec": [
							"tests[\"Status code is 200\"] = responseCode.code === 200;",
							"tests[\"Response time is less than 2s\"] = responseTime < 2000;"
						],
						"type": "text/javascript"
					}
				}
			],
			"request": {
				"method": "DELETE",
				"header": [],
				"body": {
					"mode": "formdata",
					"formdata": [
						{
							"key": "firstname",
							"value": "Gayatri",
							"type": "text"
						},
						{
							"key": "lastname",
							"value": "Devargaonkar",
							"type": "text"
						}
					]
				},
				"url": {
					"raw": "https://{{hostname}}:{{portnumber}}/shop/orders/{{orderid}}",
					"protocol": "https",
					"host": [
						"{{hostname}}"
					],
					"port": "{{portnumber}}",
					"path": [
						"shop",
						"orders",
						"{{orderid}}"
					]
				}
			},
			"response": []
		},
		{
			"name": "Delete created customer",
			"event": [
				{
					"listen": "test",
					"script": {
						"id": "577fad70-70bc-42d2-9f9e-a07d9446a946",
						"exec": [
							"tests[\"Status code is 200\"] = responseCode.code === 200;",
							"tests[\"Response time is less than 2s\"] = responseTime < 2000;"
						],
						"type": "text/javascript"
					}
				}
			],
			"request": {
				"method": "DELETE",
				"header": [],
				"body": {
					"mode": "formdata",
					"formdata": [
						{
							"key": "firstname",
							"value": "Gayatri",
							"type": "text"
						},
						{
							"key": "lastname",
							"value": "Devargaonkar",
							"type": "text"
						}
					]
				},
				"url": {
					"raw": "https://{{hostname}}:{{portnumber}}/{{cust_url}}/{{customerid}}",
					"protocol": "https",
					"host": [
						"{{hostname}}"
					],
					"port": "{{portnumber}}",
					"path": [
						"{{cust_url}}",
						"{{customerid}}"
					]
				}
			},
			"response": []
		}
	],
	"protocolProfileBehavior": {}
}